{
    "logistic_regression": {
        "accuracy": 0.7077922077922078,
        "precision": 0.6,
        "recall": 0.5,
        "f1_score": 0.5454545454545454
    },
    "decision_tree": {
        "accuracy": 0.7597402597402597,
        "precision": 0.639344262295082,
        "recall": 0.7222222222222222,
        "f1_score": 0.6782608695652174
    },
    "random_forest": {
        "accuracy": 0.7272727272727273,
        "precision": 0.6363636363636364,
        "recall": 0.5185185185185185,
        "f1_score": 0.5714285714285714
    },
    "knn": {
        "accuracy": 0.7272727272727273,
        "precision": 0.625,
        "recall": 0.5555555555555556,
        "f1_score": 0.5882352941176471
    }
}